,Date,Day of Week,Is Weekday,Is Weekend,Calories Burned,Calories BMR,Steps,Distance (Km),Elevation (Ft),Resting Heart Rate,Floors,Minutes Sedentary,Minutes Lightly Active,Minutes Fairly Active,Minutes Very Active,Activity Calories,Active Score,Cardio minutes,Cardio calories,Fat Burn minutes,Fat Burn calories,Peak minutes,Peak calories,Normal Cardio calories,Normal Cardio minutes,Sleep Efficiency,Minutes Asleep,Minutes to fall asleep,Sleep Start time,Sleep End time,Time in bed,Minutes Deep sleep,Deep sleep count,Minutes Light sleep,Light sleep count,Minutes REM sleep,REM sleep count,Minutes Awake,Minutes Awake count,% Deep sleep,% Light sleep,% REM sleep
0,2018-06-24,7,FALSE,TRUE,1996,1690,3367,3.01,0,59,0,1377,47,2,14,362,-1,11,133.10892,14,89.2088,0,0,446.51352,284,92,379,0,2018-06-24T22:17:00.000,2018-06-25T05:28:30.000,431,56,2,244,26,79,6,52,25,13,57,19
1,2018-06-25,1,TRUE,FALSE,2863,1685,8394,5.55,36.58,58,12,709,244,42,14,1361,-1,2,12.40518,94,514.11279,0,0,2311.92765,1326,95,333,0,2018-06-25T22:49:30.000,2018-06-26T05:16:30.000,387,75,3,214,27,44,7,54,30,20,56,12
2,2018-06-26,2,TRUE,FALSE,3398,1683,13569,9.68,24.38,57,8,687,231,33,102,2004,-1,10,103.59112,187,1245.54876,0,0,2034.05724,1232,89,351,0,2018-06-26T22:25:30.000,2018-06-27T05:07:30.000,402,53,3,223,28,75,7,51,29,14,56,19
3,2018-06-27,3,TRUE,FALSE,3442,1682,13337,9.33,33.53,57,11,665,243,30,100,2035,-1,11,114.28908,217,1310.46804,0,0,1986.0357,1187,97,365,0,2018-06-27T22:36:30.000,2018-06-28T05:24:00.000,407,66,4,197,32,102,10,42,32,17,49,26
4,2018-06-28,4,TRUE,FALSE,1701,1682,559,0.36,18.29,57,6,1025,8,0,0,25,-1,0,0,0,0,0,0,403.96356,329,,,,,,,,,,,,,,,,,
5,2018-06-29,5,TRUE,FALSE,1681,1681,0,0,0,,0,1440,0,0,0,0,-1,,,,,,,,,,,,,,,,,,,,,,,,,
6,2018-06-30,6,FALSE,TRUE,1681,1681,0,0,0,,0,1440,0,0,0,0,-1,,,,,,,,,,,,,,,,,,,,,,,,,
7,2018-07-01,7,FALSE,TRUE,1718,1681,155,0.09,0,58,0,1427,13,0,0,46,-1,0,0,1,3.97018,0,0,233.77354,171,96,402,0,2018-07-01T22:34:00.000,2018-07-02T05:54:30.000,440,77,5,233,34,92,8,38,34,18,53,21
8,2018-07-02,1,TRUE,FALSE,2867,1681,7554,4.81,27.43,58,9,701,245,22,32,1372,-1,7,73.09176,92,558.1128,0,0,2220.65844,1331,90,317,0,2018-07-02T23:54:30.000,2018-07-03T06:32:30.000,398,62,2,163,19,92,4,81,20,16,41,24
9,2018-07-03,2,TRUE,FALSE,2898,1681,10173,7.4,6.1,58,2,667,210,21,67,1481,-1,5,52.304,84,623.09475,3,38.294,1943.8875,1153,95,,0,2018-07-03T22:43:00.000,2018-07-04T05:18:30.000,395,,,,,,,,,,,
10,2018-07-04,3,TRUE,FALSE,3488,1681,14012,9.56,60.96,57,20,711,289,43,79,2136,-1,6,66.43075,158,1039.3085,2,26.619,2321.80725,1247,90,333,0,2018-07-04T22:47:00.000,2018-07-05T05:20:30.000,393,58,4,223,27,52,6,60,27,15,57,14
11,2018-07-05,4,TRUE,FALSE,3833,1681,15603,11.62,24.38,56,8,634,249,36,128,2474,-1,49,548.37475,167,1105.6225,2,25.9185,2120.18,1201,97,394,0,2018-07-05T22:36:00.000,2018-07-06T05:58:30.000,442,76,4,252,26,66,5,48,25,18,58,15
12,2018-07-06,5,TRUE,FALSE,3597,1681,14251,9.93,33.53,55,11,605,247,46,100,2230,-1,29,317.093,148,986.0705,2,28.7205,2167.347,1208,93,369,0,2018-07-06T22:29:30.000,2018-07-07T06:01:30.000,452,67,3,249,34,53,8,83,36,15,56,12
13,2018-07-07,6,FALSE,TRUE,3109,1681,12549,7.99,9.14,57,3,673,208,20,87,1682,-1,12,126.54616,118,854.30332,0,0,1975.00732,1185,93,270,0,2018-07-08T04:03:00.000,2018-07-08T09:09:30.000,306,46,3,180,19,44,2,36,18,16,59,15
14,2018-07-08,7,FALSE,TRUE,2809,1681,9315,5.72,21.34,58,7,858,218,4,54,1353,-1,14,145.45804,56,417.3455,0,0,2120.34862,1265,91,437,0,2018-07-08T22:23:30.000,2018-07-09T07:05:30.000,522,50,1,316,34,71,7,85,32,10,61,14
15,2018-07-09,1,TRUE,FALSE,2590,1680,6542,4.15,18.29,58,6,624,183,15,22,1021,-1,2,19.26045,61,376.45425,0,0,2175.49701,1362,94,,0,2018-07-09T22:45:30.000,2018-07-10T05:33:00.000,407,,,,,,,,,,,
16,2018-07-10,2,TRUE,FALSE,3472,1681,13762,9.21,39.62,57,13,732,236,23,116,2089,-1,21,227.17604,138,1014.4706,1,12.8414,2161.09088,1247,91,329,0,2018-07-11T00:17:00.000,2018-07-11T06:37:00.000,380,69,3,185,21,75,8,51,22,19,49,20
17,2018-07-11,3,TRUE,FALSE,2477,1680,6647,4.63,0,57,0,925,28,33,74,943,-1,12,129.10338,96,703.99863,0,0,611.31501,455,,,,,,,,,,,,,,,,,
18,2018-07-12,4,TRUE,FALSE,1680,1680,0,0,0,,0,1440,0,0,0,0,-1,,,,,,,,,,,,,,,,,,,,,,,,,
19,2018-07-13,5,TRUE,FALSE,1680,1680,0,0,0,,0,1440,0,0,0,0,-1,,,,,,,,,,,,,,,,,,,,,,,,,
20,2018-07-14,6,FALSE,TRUE,1680,1680,0,0,0,,0,1440,0,0,0,0,-1,,,,,,,,,,,,,,,,,,,,,,,,,
21,2018-07-15,7,FALSE,TRUE,1680,1680,0,0,0,,0,1440,0,0,0,0,-1,,,,,,,,,,,,,,,,,,,,,,,,,
22,2018-07-16,1,TRUE,FALSE,2243,1680,4247,2.71,15.24,,5,1440,0,0,0,0,-1,,,,,,,,,98,348,0,2018-07-17T00:00:00.000,2018-07-17T06:28:30.000,388,51,2,226,31,71,5,40,31,14,59,19
23,2018-07-17,2,TRUE,FALSE,3133,1680,10533,6.75,27.43,56,9,760,191,25,76,1649,-1,13,138.8968,131,900.37808,0,0,1932.76648,1181,91,382,0,2018-07-17T21:34:30.000,2018-07-18T05:28:30.000,474,48,3,268,30,66,7,92,29,11,57,14
24,2018-07-18,3,TRUE,FALSE,3071,1680,9186,5.77,24.38,57,8,661,239,14,52,1571,-1,10,105.73926,147,867.27201,0,0,2006.94516,1219,98,340,0,2018-07-19T00:11:30.000,2018-07-19T06:43:30.000,392,81,4,181,19,78,6,52,22,21,47,20
25,2018-07-19,4,TRUE,FALSE,3199,1680,9236,5.95,27.43,57,9,732,212,41,63,1726,-1,13,132.71064,184,1094.8336,0,0,1879.89232,1181,96,378,0,2018-07-20T00:11:30.000,2018-07-20T07:28:00.000,436,113,5,188,27,77,9,58,29,26,44,18
26,2018-07-20,5,TRUE,FALSE,2530,1680,6584,5.35,39.62,57,13,808,168,12,16,951,-1,4,49.25162,45,251.97689,6,86.59882,1931.08366,1211,,,,,,,,,,,,,,,,,
27,2018-07-21,6,FALSE,TRUE,3438,1680,13842,9.13,33.53,57,11,1063,240,33,104,2110,-1,4,42.0192,176,1161.01384,0,0,1305.27976,616,95,235,0,2018-07-22T00:02:30.000,2018-07-22T04:26:30.000,264,57,2,109,18,69,7,29,20,22,42,27
28,2018-07-22,7,FALSE,TRUE,2626,1680,7555,4.55,18.29,56,6,757,280,5,14,1191,-1,0,0,23,152.43632,0,0,2452.8708,1399,98,411,0,2018-07-22T23:09:00.000,2018-07-23T06:49:30.000,460,81,6,259,30,71,6,49,31,18,57,16
29,2018-07-23,1,TRUE,FALSE,2828,1680,7691,4.98,15.24,57,5,726,169,41,44,1279,-1,0,0,116,713.97624,0,0,2001.63128,1278,97,348,0,2018-07-23T22:42:00.000,2018-07-24T05:22:30.000,400,60,3,179,27,109,11,52,31,15,45,28
30,2018-07-24,2,TRUE,FALSE,3405,1680,9731,6.12,15.24,58,5,698,216,38,88,1955,-1,25,263.41447,200,1164.88251,5,65.82444,1803.98647,1123,,,,,,,,,,,,,,,,,
31,2018-07-25,3,TRUE,FALSE,3129,1680,11022,7.3,21.34,59,7,1135,190,43,72,1647,-1,6,61.8563,167,1031.24956,0,0,1512.21147,823,97,377,0,2018-07-25T22:21:00.000,2018-07-26T05:25:30.000,424,95,4,194,29,88,10,47,32,23,46,21
32,2018-07-26,4,TRUE,FALSE,2702,1680,7232,5.76,21.34,62,7,772,189,25,30,1155,-1,7,73.87743,81,488.54806,1,13.77178,2090.62623,1322,94,387,0,2018-07-26T23:46:30.000,2018-07-27T07:01:30.000,435,75,5,241,33,71,10,48,37,18,56,17
33,2018-07-27,5,TRUE,FALSE,2699,1680,8550,5.57,6.1,61,2,761,200,13,31,1149,-1,0,0,89,557.80488,0,0,1983.6564,1228,,,,,,,,,,,,,,,,,
34,2018-07-28,6,FALSE,TRUE,3293,1680,14865,9.43,0,61,0,1059,260,60,61,1970,-1,6,62.4452,212,1261.85992,0,0,1319.5196,667,98,195,0,2018-07-29T05:01:30.000,2018-07-29T08:40:30.000,219,47,2,127,18,21,2,24,16,22,58,10
35,2018-07-29,7,FALSE,TRUE,2748,1680,7613,4.82,103.63,59,34,780,364,0,0,1395,-1,0,0,58,296.35208,0,0,2345.13824,1315,96,,0,2018-07-30T05:28:00.000,2018-07-30T07:44:00.000,136,,,,,,,,,,,
36,2018-07-30,1,TRUE,FALSE,3182,1680,11774,8.1,179.83,59,59,948,287,35,34,1735,-1,8,81.5733,176,884.9361,0,0,1920.4152,1026,96,418,0,2018-07-30T22:29:00.000,2018-07-31T06:23:30.000,474,66,4,266,41,86,7,56,38,14,57,19
37,2018-07-31,2,TRUE,FALSE,3187,1680,12941,8.21,27.43,61,9,645,169,68,84,1752,-1,3,30.3446,210,1284.16013,0,0,1832.81384,1207,94,362,0,2018-07-31T22:46:00.000,2018-08-01T05:32:00.000,406,65,3,214,38,83,7,44,39,17,53,21
38,2018-08-01,3,TRUE,FALSE,3205,1680,9795,6.39,9.14,61,3,894,47,40,53,965,-1,15,164.80864,79,538.77952,9,114.15216,542.28112,377,,,,,,,,,,,,,,,,,
39,2018-08-02,4,TRUE,FALSE,2600,1680,8270,5.38,39.62,,13,1440,0,0,0,0,-1,,,,,,,,,,,,,,,,,,,,,,,,,
40,2018-08-03,5,TRUE,FALSE,2952,1680,11278,6.16,36.58,,12,1440,0,0,0,0,-1,,,,,,,,,,,,,,,,,,,,,,,,,
41,2018-08-04,6,FALSE,TRUE,3131,1680,11771,7.47,64.01,,21,1296,45,24,75,950,-1,,,,,,,,,,,,,,,,,,,,,,,,,
42,2018-08-05,7,FALSE,TRUE,2888,1680,11385,7.45,39.62,,13,1084,320,18,18,1536,-1,,,,,,,,,,,,,,,,,,,,,,,,,
43,2018-08-06,1,TRUE,FALSE,2746,1680,6856,4.17,18.29,,6,1173,211,55,1,1175,-1,,,,,,,,,,,,,,,,,,,,,,,,,
44,2018-08-07,2,TRUE,FALSE,2497,1680,4366,2.78,0,61,0,1243,166,12,19,917,-1,0,0,123,611.44369,0,0,1393.63411,906,,,,,,,,,,,,,,,,,
45,2018-08-08,3,TRUE,FALSE,2371,1680,4808,3.64,0,60,0,1237,190,10,3,842,-1,2,21.35976,47,246.51264,0,0,1508.95616,883,,,,,,,,,,,,,,,,,
46,2018-08-09,4,TRUE,FALSE,2803,1680,9082,6.01,18.29,59,6,1145,259,14,22,1364,-1,0,0,99,602.45702,0,0,2072.7696,1233,,,,,,,,,,,,,,,,,
47,2018-08-10,5,TRUE,FALSE,3046,1680,8817,5.86,21.34,59,7,1154,193,22,71,1546,-1,14,148.83075,159,906.17499,0,0,1403.44479,789,,,,,,,,,,,,,,,,,
48,2018-08-11,6,FALSE,TRUE,3186,1680,12643,8.32,94.49,58,31,1104,249,33,54,1744,-1,14,153.35694,149,916.87376,1,12.37126,2067.75107,1248,,,,,,,,,,,,,,,,,
49,2018-08-12,7,FALSE,TRUE,2094,1680,2456,1.52,9.14,59,3,1308,132,0,0,506,-1,0,0,15,60.2172,0,0,851.0931,416,95,371,0,2018-08-12T23:23:30.000,2018-08-13T06:33:30.000,430,80,4,205,34,86,6,59,33,19,48,20
50,2018-08-13,1,TRUE,FALSE,2733,1680,6609,3.94,33.53,60,11,762,183,44,21,1179,-1,0,0,126,696.00136,0,0,1906.27104,1202,95,371,0,2018-08-13T22:46:30.000,2018-08-14T05:40:00.000,413,47,3,259,25,65,8,42,26,12,63,16
51,2018-08-14,2,TRUE,FALSE,3770,1680,12875,8.75,24.38,61,8,626,206,75,120,2384,-1,22,229.68528,301,1649.46243,8,105.039,1679.34019,1051,95,384,0,2018-08-14T23:24:30.000,2018-08-15T06:34:30.000,430,97,5,220,27,67,9,46,31,23,52,16
52,2018-08-15,3,TRUE,FALSE,2961,1680,8611,5.34,12.19,62,4,715,180,63,52,1512,-1,8,54.62964,161,968.15862,0,0,1885.88988,1227,99,378,0,2018-08-15T23:11:30.000,2018-08-16T06:09:00.000,417,86,5,198,26,94,3,39,25,21,48,23
53,2018-08-16,4,TRUE,FALSE,2914,1680,6952,4.25,21.34,63,7,724,241,43,15,1399,-1,7,46.22112,152,778.98928,1,6.53632,2051.00384,1256,90,393,0,2018-08-16T22:16:30.000,2018-08-17T06:01:30.000,465,106,5,211,32,76,6,72,30,23,46,17
54,2018-08-17,5,TRUE,FALSE,2320,1680,4447,2.65,9.14,63,3,796,179,0,0,714,-1,0,0,75,194.7723,0,0,2112.3867,1354,,,,,,,,,,,,,,,,,
55,2018-08-18,6,FALSE,TRUE,3163,1680,15528,10.22,18.29,64,6,1113,182,59,86,1801,-1,3,30.3498,200,1279.01061,0,0,843.37425,378,91,355,0,2018-08-19T02:22:30.000,2018-08-19T09:07:30.000,405,84,3,190,27,81,6,50,28,21,47,20
56,2018-08-19,7,FALSE,TRUE,2927,1680,12424,8.27,15.24,65,5,715,271,34,15,1511,-1,0,0,130,733.23504,0,0,2022.7576,1169,,,,,,,,,,,,,,,,,
57,2018-08-20,1,TRUE,FALSE,2757,1680,6548,4.3,18.29,64,6,1183,202,20,35,1256,-1,16,159.42586,123,614.59486,0,0,1502.40783,893,96,375,0,2018-08-20T22:28:00.000,2018-08-21T05:42:30.000,434,68,4,251,36,56,6,59,37,16,58,13
58,2018-08-21,2,TRUE,FALSE,2949,1681,11708,7.43,12.19,62,4,714,171,49,72,1503,-1,2,18.91188,144,929.13366,0,0,1952.24302,1260,96,393,0,2018-08-21T22:05:30.000,2018-08-22T05:33:30.000,448,74,4,271,29,48,5,55,31,17,61,11
59,2018-08-22,3,TRUE,FALSE,3291,1680,9556,6.42,51.82,62,17,689,155,63,85,1791,-1,24,249.43064,236,1267.92936,0,0,1626.25976,1063,97,358,0,2018-08-22T22:32:30.000,2018-08-23T05:27:00.000,414,61,4,190,28,107,8,56,28,15,46,26
60,2018-08-23,4,TRUE,FALSE,3163,1680,12264,8.04,27.43,63,9,710,202,34,80,1698,-1,11,110.40766,217,1199.42867,0,0,1795.58335,1173,98,373,0,2018-08-23T22:55:00.000,2018-08-24T05:53:00.000,418,73,5,234,35,66,9,45,36,18,56,16
61,2018-08-24,5,TRUE,FALSE,3114,1680,12716,8.37,18.29,63,6,692,230,32,68,1676,-1,6,59.517,201,1062.3201,0,0,1950.8739,1197,94,312,0,2018-08-24T23:02:30.000,2018-08-25T04:43:00.000,340,60,3,161,23,91,6,28,20,18,48,27
62,2018-08-25,6,FALSE,TRUE,2718,1680,8609,5.53,27.43,63,9,838,181,50,31,1281,-1,19,30.58326,369,1052.32095,0,0,1620.44586,1041,,,,,,,,,,,,,,,,,
63,2018-08-26,7,FALSE,TRUE,2585,1680,6541,4.25,39.62,63,13,1149,234,54,3,1183,-1,42,49.0224,517,920.80408,0,0,1564.28144,841,94,387,0,2018-08-26T23:09:00.000,2018-08-27T06:16:30.000,427,80,5,218,29,89,5,40,28,19,52,21
64,2018-08-27,1,TRUE,FALSE,2401,1680,5264,3.37,21.34,61,7,840,147,8,18,778,-1,1,10.96886,60,322.29778,0,0,1826.78195,1172,96,383,0,2018-08-27T22:36:30.000,2018-08-28T06:03:30.000,447,82,5,229,34,72,7,64,31,19,52,17
65,2018-08-28,2,TRUE,FALSE,2295,1680,3041,1.61,18.29,60,6,845,148,0,0,590,-1,0,0,28,123.6914,0,0,2113.37259,1364,97,369,0,2018-08-28T22:41:30.000,2018-08-29T05:51:30.000,430,69,5,221,32,79,8,61,32,17,52,19
66,2018-08-29,3,TRUE,FALSE,3113,1680,10386,6.89,12.19,60,4,701,196,49,64,1616,-1,4,40.37474,214,1157.21473,0,0,1887.69413,1200,97,399,0,2018-08-29T22:20:30.000,2018-08-30T05:55:30.000,455,83,4,232,37,84,9,56,37,19,51,19
67,2018-08-30,4,TRUE,FALSE,2680,1680,4673,2.9,24.38,60,8,747,186,22,30,1139,-1,17,128.359,112,562.56249,2,14.81963,1809.39514,1169,96,377,0,2018-08-30T22:39:00.000,2018-08-31T06:00:30.000,441,75,4,194,33,108,11,64,35,18,44,25
68,2018-08-31,5,TRUE,FALSE,3728,1680,17219,11.78,15.24,62,5,609,202,53,135,2353,-1,30,314.01279,276,1612.77249,2,24.97166,1601.57025,990,,,,,,,,,,,,,,,,,
69,2018-09-01,6,FALSE,TRUE,3010,1680,10646,6.81,0,62,0,1046,360,32,2,1681,-1,0,0,137,694.3055,0,0,1809.74521,875,97,441,0,2018-09-01T23:11:30.000,2018-09-02T07:29:30.000,498,54,3,276,44,111,11,57,41,11,56,23
70,2018-09-02,7,FALSE,TRUE,2980,1680,11392,7.06,27.43,61,9,578,310,27,27,1616,-1,0,0,108,645.99584,0,0,2309.41179,1317,96,338,0,2018-09-02T23:52:30.000,2018-09-03T06:23:30.000,391,74,3,218,28,46,6,53,28,19,56,12
71,2018-09-03,1,TRUE,FALSE,2590,1680,6393,4.1,39.62,62,13,825,170,35,19,1027,-1,0,0,92,482.39646,0,0,2013.48595,1319,97,368,0,2018-09-03T22:42:00.000,2018-09-04T05:56:30.000,434,91,3,230,29,47,5,66,28,21,53,11
72,2018-09-04,2,TRUE,FALSE,3125,1680,11046,7.37,21.34,61,7,728,149,31,98,1624,-1,16,165.23304,181,1097.35276,0,0,1712.30906,1128,96,371,0,2018-09-04T22:41:30.000,2018-09-05T05:41:30.000,420,54,4,224,29,93,9,49,32,13,54,23
73,2018-09-05,3,TRUE,FALSE,2575,1680,7465,4.83,24.38,61,8,806,180,13,21,990,-1,0,0,72,449.37319,0,0,2098.0862,1350,99,397,0,2018-09-05T22:58:30.000,2018-09-06T06:15:30.000,437,53,6,267,32,77,7,40,34,13,62,18
74,2018-09-06,4,TRUE,FALSE,3016,1680,7591,4.83,36.58,62,12,712,191,59,41,1503,-1,3,28.58905,207,1087.66749,0,0,1893.06187,1224,99,367,0,2018-09-06T22:42:30.000,2018-09-07T05:42:30.000,420,46,4,250,32,71,6,53,32,11,60,17
75,2018-09-07,5,TRUE,FALSE,2369,1680,4157,2.54,6.1,63,2,844,167,9,0,743,-1,0,0,73,324.86496,0,0,1980.69606,1325,97,353,0,2018-09-07T23:16:30.000,2018-09-08T06:11:00.000,414,70,4,219,25,64,6,61,24,17,53,16
76,2018-09-08,6,FALSE,TRUE,2530,1680,6605,4.14,48.77,62,16,746,280,0,0,1083,-1,0,0,52,262.43581,0,0,2231.57956,1361,96,471,0,2018-09-08T23:08:30.000,2018-09-09T08:15:00.000,546,85,5,286,31,100,9,75,32,16,53,19
77,2018-09-09,7,FALSE,TRUE,2290,1680,3469,2.01,24.38,63,8,697,197,0,0,729,-1,0,0,31,127.1921,0,0,2151.7636,1403,,,,,,,,,,,,,,,,,
78,2018-09-10,1,TRUE,FALSE,2548,1680,4478,2.98,36.58,65,12,1259,150,14,17,903,-1,0,0,225,867.0067,0,0,930.0193,571,95,384,0,2018-09-10T23:02:30.000,2018-09-11T06:14:00.000,431,63,4,223,32,98,14,47,37,15,52,23
79,2018-09-11,2,TRUE,FALSE,3044,1680,8649,5.4,33.53,65,11,666,289,38,16,1646,-1,1,9.10182,258,1216.60994,0,0,1736.81396,1154,96,381,0,2018-09-11T22:40:00.000,2018-09-12T05:53:00.000,433,78,4,204,32,99,9,52,33,19,48,23
80,2018-09-12,3,TRUE,FALSE,2951,1680,5539,3.31,3.05,65,1,712,223,26,46,1417,-1,20,160.79882,211,862.10572,3,36.05721,1867.50676,1191,97,360,0,2018-09-13T00:21:00.000,2018-09-13T07:00:00.000,399,73,5,236,36,51,5,39,33,19,60,13
81,2018-09-13,4,TRUE,FALSE,2845,1680,7655,5.1,33.53,66,11,781,185,39,36,1293,-1,1,9.3352,195,971.56094,0,0,1829.34913,1222,96,405,0,2018-09-13T22:47:00.000,2018-09-14T06:29:30.000,462,72,2,260,31,73,5,57,29,16,57,16
82,2018-09-14,5,TRUE,FALSE,547,507,138,0.09,0,,0,0,11,0,0,49,-1,0,0,9,36.40728,0,0,468.97711,390,,,,,,,,,,,,,,,,,
83,2018-09-15,6,FALSE,TRUE,2849,1680,8729,5.56,6.1,68,2,649,332,8,2,1429,-1,0,0,156,683.68671,0,0,2146.39586,1273,96,374,0,2018-09-16T00:31:00.000,2018-09-16T07:46:30.000,435,61,4,232,29,81,7,61,27,15,54,19
84,2018-09-16,7,FALSE,TRUE,2758,1680,10454,6.72,73.15,67,24,668,337,0,0,1388,-1,0,0,69,379.35919,0,0,2371.1408,1366,98,393,0,2018-09-16T22:20:30.000,2018-09-17T05:43:00.000,442,95,3,228,29,70,7,49,31,22,52,16
85,2018-09-17,1,TRUE,FALSE,2900,1680,7851,4.95,33.53,67,11,736,201,22,39,1333,-1,19,194.52223,234,875.29169,0,0,1786.05714,1160,97,387,0,2018-09-17T22:40:30.000,2018-09-18T05:58:30.000,438,65,4,259,30,63,5,51,30,15,60,15
86,2018-09-18,2,TRUE,FALSE,2935,1680,9979,6.57,27.43,67,9,740,183,24,55,1409,-1,26,270.95418,172,829.43252,1,12.13576,1684.42015,1128,99,434,0,2018-09-18T22:40:00.000,2018-09-19T06:28:30.000,468,83,5,248,33,103,12,34,37,18,53,23
87,2018-09-19,3,TRUE,FALSE,3326,1680,11274,7.36,21.34,66,7,606,276,33,57,1863,-1,22,226.3786,360,1404.71422,0,0,1663.29926,1038,99,377,0,2018-09-19T23:18:00.000,2018-09-20T06:20:30.000,422,65,2,239,31,73,7,45,31,16,57,18
88,2018-09-20,4,TRUE,FALSE,3398,1680,11535,7.44,12.19,67,4,650,225,59,84,2000,-1,26,251.70033,282,1420.81744,0,0,1686.75395,1105,98,394,0,2018-09-20T23:15:00.000,2018-09-21T06:56:30.000,461,96,6,203,30,95,11,67,28,21,45,21
89,2018-09-21,5,TRUE,FALSE,2595,1680,7443,4.84,48.77,66,16,698,256,23,2,1135,-1,0,0,68,325.68179,0,0,2172.18435,1298,97,,0,2018-09-22T14:53:00.000,2018-09-22T16:46:00.000,113,,,,,,,,,,,
90,2018-09-22,6,FALSE,TRUE,4085,1680,25570,16.62,320.04,65,105,658,581,78,10,3089,-1,0,0,350,1736.3472,0,0,2283.85668,1051,97,489,0,2018-09-22T22:43:00.000,2018-09-23T08:17:30.000,574,108,6,236,38,145,15,85,37,19,42,26
91,2018-09-23,7,FALSE,TRUE,2717,1680,8899,6.28,18.29,64,6,605,205,23,33,1256,-1,10,103.97079,100,488.11427,1,13.30266,2092.60177,1323,,,,,,,,,,,,,,,,,
92,2018-09-24,1,TRUE,FALSE,3047,1680,10833,5.98,27.43,63,9,1113,293,15,19,1565,-1,0,0,303,1293.27527,0,0,1697.72281,1102,98,425,0,2018-09-24T22:52:00.000,2018-09-25T06:38:00.000,466,57,5,262,31,106,12,41,31,13,57,23
93,2018-09-25,2,TRUE,FALSE,2832,1543,10069,6.87,24.38,63,8,580,192,39,46,1422,-1,0,0,225,1082.99989,0,0,1706.82463,1063,,,,,,,,,,,,,,,,,
94,2018-09-26,3,TRUE,FALSE,2276,1680,4892,3.19,24.38,63,8,898,138,3,12,657,-1,0,0,39,231.86303,0,0,1699.0064,1105,97,376,0,2018-09-26T22:57:00.000,2018-09-27T06:04:00.000,427,72,4,229,31,75,7,51,33,17,54,18
95,2018-09-27,4,TRUE,FALSE,3036,1680,9433,6.96,3.05,63,1,710,227,35,41,1531,-1,6,70.59745,205,991.51493,2,28.58905,1921.65092,1213,99,380,0,2018-09-27T22:55:00.000,2018-09-28T06:10:30.000,435,83,3,198,32,99,10,55,35,20,46,23
96,2018-09-28,5,TRUE,FALSE,2973,1680,8652,5.75,24.38,63,8,762,157,22,64,1412,-1,16,172.00106,176,882.40978,10,123.34133,1634.36014,1107,97,398,0,2018-09-28T22:41:00.000,2018-09-29T06:37:30.000,476,54,4,243,32,101,8,78,35,12,52,22
97,2018-09-29,6,FALSE,TRUE,3020,1680,10748,6.66,30.48,63,10,566,382,9,7,1698,-1,0,0,147,721.96103,0,0,2221.42753,1242,94,385,0,2018-09-30T01:24:00.000,2018-09-30T08:47:00.000,443,37,2,261,33,87,7,58,28,9,59,20
98,2018-09-30,7,FALSE,TRUE,3185,1680,12775,9.29,12.19,64,4,631,288,39,39,1826,-1,25,284.02346,158,815.19634,0,0,2064.01272,1238,95,397,0,2018-09-30T23:11:00.000,2018-10-01T06:31:30.000,440,109,2,183,25,105,14,43,31,25,42,24
99,2018-10-01,1,TRUE,FALSE,2491,1680,7166,4.79,18.29,62,6,803,167,4,26,872,-1,0,0,56,347.7362,0,0,2128.4256,1373,97,437,0,2018-10-01T22:54:30.000,2018-10-02T06:57:30.000,483,100,5,212,33,125,17,46,41,21,44,26
100,2018-10-02,2,TRUE,FALSE,2394,1680,6271,4.95,6.1,62,2,745,200,3,9,870,-1,1,10.5021,34,204.32419,0,0,2025.85509,1277,96,384,0,2018-10-02T22:49:30.000,2018-10-03T06:04:30.000,435,83,3,247,35,54,8,51,38,20,57,13
101,2018-10-03,3,TRUE,FALSE,3011,1680,10595,7.51,54.86,61,18,694,232,44,35,1519,-1,4,42.70854,162,861.40558,0,0,2041.14148,1251,96,390,0,2018-10-03T22:35:30.000,2018-10-04T05:59:00.000,443,106,5,219,33,65,6,53,34,24,50,15
102,2018-10-04,4,TRUE,FALSE,522,469,269,0.16,0,62,0,0,20,0,0,71,-1,0,0,1,4.43422,0,0,503.86742,390,,,,,,,,,,,,,,,,,
103,2018-10-05,5,TRUE,FALSE,2665,1675,5844,3.4,6.1,63,2,790,277,0,0,1148,-1,0,0,119,499.56396,0,0,2116.45728,1279,95,380,0,2018-10-06T00:30:30.000,2018-10-06T07:32:30.000,422,82,3,209,30,89,9,42,31,20,50,22
104,2018-10-06,6,FALSE,TRUE,2947,1675,12079,8.08,18.29,63,6,756,170,24,68,1487,-1,27,279.216,131,796.11462,0,0,1454.48268,928,,,,,,,,,,,,,,,,,
105,2018-10-07,7,FALSE,TRUE,1272,1272,0,0,0,,0,1094,0,0,0,0,-1,,,,,,,,,,,,,,,,,,,,,,,,,
106,2018-10-08,1,TRUE,FALSE,3353,1675,11066,7.03,24.38,64,8,658,238,61,66,1920,-1,4,38.62488,297,1517.30628,0,0,1781.86344,1126,98,382,0,2018-10-08T22:34:30.000,2018-10-09T05:35:30.000,421,78,3,214,26,90,8,39,29,19,51,22
107,2018-10-09,2,TRUE,FALSE,1500,686,6763,5.14,3.05,,1,13,78,19,59,973,-1,22,227.4447,105,586.81896,0,0,648.36282,441,,,,,,,,,,,,,,,,,
108,2018-10-10,3,TRUE,FALSE,3162,1675,12982,9.28,33.53,65,11,695,232,23,69,1713,-1,11,107.96352,239,1222.26804,0,0,1780.35102,1155,95,376,0,2018-10-10T22:49:00.000,2018-10-11T05:54:00.000,425,80,3,221,34,75,6,49,32,19,52,18
109,2018-10-11,4,TRUE,FALSE,3034,1675,10386,6.54,27.43,64,9,686,269,19,41,1581,-1,2,20.24316,207,1043.22078,0,0,1902.97338,1177,93,402,0,2018-10-11T22:08:30.000,2018-10-12T05:53:30.000,465,98,4,238,30,66,8,63,31,22,52,15
110,2018-10-12,5,TRUE,FALSE,697,563,1081,0.62,0,65,0,0,32,8,1,167,-1,0,0,13,65.96478,0,0,603.92094,448,,,,,,,,,,,,,,,,,
111,2018-10-13,6,FALSE,TRUE,2304,1675,6304,4.08,27.43,64,9,840,181,0,0,792,-1,0,0,62,328.42782,0,0,1598.16258,1057,98,396,0,2018-10-13T23:30:00.000,2018-10-14T06:45:30.000,435,87,3,180,27,129,14,39,29,20,42,30
112,2018-10-14,7,FALSE,TRUE,3008,1675,11779,7.55,6.1,62,2,667,245,30,63,1639,-1,3,28.38696,151,940.72524,0,0,2011.5186,1267,97,403,0,2018-10-14T22:16:30.000,2018-10-15T05:55:30.000,459,95,4,204,25,104,8,56,28,21,45,23
113,2018-10-15,1,TRUE,FALSE,2896,1675,7794,4.95,33.53,60,11,668,270,34,9,1421,-1,0,0,154,785.52768,0,0,2058.86898,1245,95,337,0,2018-10-15T22:41:00.000,2018-10-16T05:13:00.000,392,63,3,206,23,68,6,55,23,17,53,18
114,2018-10-16,2,TRUE,FALSE,3010,1675,9593,6.18,21.34,61,7,736,237,36,39,1522,-1,0,0,202,1027.04952,0,0,1947.29892,1211,98,389,0,2018-10-16T23:03:30.000,2018-10-17T06:20:30.000,437,99,4,179,23,111,7,48,21,23,41,26
115,2018-10-17,3,TRUE,FALSE,577,516,455,0.2,0,61,0,0,17,0,0,74,-1,0,0,7,37.69416,0,0,506.079,410,,,,,,,,,,,,,,,,,
